Workbook

Sheet 마진계산기
A1: ▣ 마진 계산기
F2: 경쟁사 | H2: 소싱처
A3: 구 분 | B3: 소싱날짜 | C3: 제품명 | D3: 스펙 | E3: 옵션 | F3: 판매가(경쟁사) | G3: g당 단가 | H3: 판매가 | I3: 공급가 | J3: g당 단가 | K3: 택배비 | L3: 구매전환비 | M3: 마진액 | N3: 소싱처(URL)
A4: 1 | B4: 45911 | C4: 민속된장 | D4: 1.500g | E4: 1.500g | G4: =F4/10 -> 0 | H4: 39900 | I4: 30000 | J4: =I4/10 -> 3000 | K4: 4500 | L4: 3000 | M4: =H4-I4-K4-L4 -> 2400 | N4: https://smartstore.naver.com/soybean1004
A5: 2 | B5: 45911 | C5: 민속된장 | D5: 1.500g | E5: 1.500g | G5: =F5/5 -> 0 | H5: 34900 | I5: 20000 | J5: =I5/5 -> 4000 | K5: 4000 | L5: 3000 | M5: =H5-I5-K5-L5 -> 7900 | N5: https://smartstore.naver.com/shui100/products/5362272922?NaPm=ct%3Dmfe0yav4%7Cci%3Df159493d71ac32d99c782eaeccea834cfd79c336%7Ctr%3Dslsl%7Csn%3D1007797%7Chk%3D882f4dc2833ca8fba7956ed547afded3df83778e&nl-au=9a4ba3d23164439195941d2dc777cc8e&nl-query=%EB%AA%BB%EB%82%9C%EC%9D%B4+%EA%B3%A0%EA%B5%AC%EB%A7%88
A6: 3 | B6: 45986 | C6: 순애할매 | D6: 1000g | E6: 1000g | G6: =F6/3 -> 0 | H6: 34900 | I6: 21700 | J6: =I6/3 -> 7233.3333 | K6: 4500 | L6: 3000 | M6: =H6-I6-K6-L6 -> 5700
A8: 5 | B8: 46176 | C8: 오디즙 (황토뽕농장) | D8: 100m | E8: 30팩 | H8: 39000 | I8: 24700 | J8: =I8/30 -> 823.33333 | K8: 0 | L8: 5000 | M8: =H8-I8-K8-L8 -> 9300 | N8: https://smartstore.naver.com/myodi/products/4897842803#REVIEW
A9: 6 | C9: 양파즙(맛뜰무안) | D9: 100m | E9: 30팩 | H9: 29000 | I9: 11000 | K9: 0 | L9: 5000 | M9: =H9-I9-K9-L9 -> 13000 | N9: https://muanshop.com/index.html
A10: 7 | C10: 양배추즙(맛뜰무안) | H10: 29000 | I10: 15900 | M10: =H10-I10-K10-L10 -> 13100 | N10: https://muanshop.com/index.html
A11: 8 | M11: =H11-I11-K11-L11 -> 0
A12: 9 | M12: =H12-I12-K12-L12 -> 0
A13: 10 | M13: =H13-I13-K13-L13 -> 0
A14: 11 | M14: =H14-I14-K14-L14 -> 0
A15: 12 | M15: =H15-I15-K15-L15 -> 0
A16: 13 | M16: =H16-I16-K16-L16 -> 0
A17: 14 | M17: =H17-I17-K17-L17 -> 0
A18: 15 | M18: =H18-I18-K18-L18 -> 0
A19: 16 | M19: =H19-I19-K19-L19 -> 0
A20: 17 | M20: =H20-I20-K20-L20 -> 0
A21: 18 | M21: =H21-I21-K21-L21 -> 0
A22: 19 | M22: =H22-I22-K22-L22 -> 0
A23: 20 | M23: =H23-I23-K23-L23 -> 0

Sheet 업체내역
A1: ▣ 소싱업체 리스트
A3: 구 분 | B3: 소싱날짜 | C3: 소싱업체명 | D3: 제품명 | E3: 스펙 | F3: 옵션 | G3: 공급가 | H3: g당 단가 | I3: 연락처 | J3: 메일주소 | K3: 주문서 전달방식 | L3: 당근 업로드 | M3: 게시판 종류 | N3: URL
A4: 1 | B4: 45911 | C4: 민속된장 | D4: 민속된장 | E4: 1.500g | F4: 1.500g | G4: 10000 | H4: =G4/10 -> 1000 | I4: 01027996145 | J4: rsh6145@naver.com | K4: 메일전달 | L4: X | M4: 동네글 | N4: https://smartstore.naver.com/soybean1004
A5: 2 | B5: 45912 | C5: 산지도매센터 | D5: 난각번호1번 | E5: 20구 | F5: 20구 | G5: 7990 | H5: =G5/20 -> 399.5 | I5: 1668-2790 | J5: 홈페이지 참조 | K5: 홈페이지 구매 | L5: X | M5: 동네글 | N5: https://www.santafarmer.com/Goods/Detail/SFR50550325
A6: 3 | H6: =G6/3 -> 0 | K6: 0 | L6: 0 | M6: 0
A7: 4 | H7: =G7/5 -> 0 | K7: 0 | L7: 0 | M7: 0
A8: 5 | H8: =G8/5 -> 0 | K8: 0 | L8: 0 | M8: 0
A9: 6 | H9: =G9/5 -> 0 | K9: 0 | L9: 0 | M9: 0
A10: 7 | H10: =G10/5 -> 0 | K10: 0 | L10: 0 | M10: 0
A11: 8 | H11: =G11/5 -> 0 | K11: 0 | L11: 0 | M11: 0
A12: 9 | H12: =G12/5 -> 0 | K12: 0 | L12: 0 | M12: 0
A13: 10 | H13: =G13/5 -> 0 | K13: 0 | L13: 0 | M13: 0
A14: 11 | H14: =G14/5 -> 0 | K14: 0 | L14: 0 | M14: 0
A15: 12 | H15: =G15/5 -> 0 | K15: 0 | L15: 0 | M15: 0
A16: 13 | H16: =G16/5 -> 0 | K16: 0 | L16: 0 | M16: 0
A17: 14 | H17: =G17/5 -> 0 | K17: 0 | L17: 0 | M17: 0
A18: 15 | H18: =G18/5 -> 0 | K18: 0 | L18: 0 | M18: 0

Sheet 소싱리스트
A1: ▣ 소싱리스트
A2: 구분 | B2: 제품명 | D2: ※ 당근에서 잘 팔리는 상품 | Q2: 아이템, 서비스에 대한 판매 아이디어 얻는 법
A3: 1 | B3: 직접 담근 된장, 고추장, 간장, 메주
A4: 2 | B4: 보리굴비,영광굴비 | D4: 1. 40~70대 여성이 살 만 한 상품들 | Q4: 동네 업체를 2시간 정도 동네별로 쭉 둘러보고, 그 중에 후기/문의가 많은 업체들을 둘러 보면 아이디어를 얻는 데 도움이 됨
A5: 3 | B5: 대게, 홍게 등 고가 수산물 | D5: 2. 온가족이 소비할 수 있는 상품
A6: 4 | B6: 한우 정육, 한우 구이, 양갈비 | D6: (충동구매 구조이므로, 내가 필요 없더라도 가족을 위해 구매함) | Q6: 링크 : https://www.daangn.com/kr/local-profile/?in=%EC%84%9C%EC%B4%88%EB%8F%99-6128
A7: 5 | B7: 수제 청, 잼 (딸기잼, 유자청, 매실청 등) | D7: 3.몇 개를 사도 보관에 부담이 없는 상품 | Q7: (서초동으로 선택해 둔 상태, 여러분의 동네나 둘러보고 싶은 동네로 선택해서 보세요)
A8: 6 | B8: 젓갈류(명란젓, 창란젓, 갈치젓, 꼴뚜기젓, 오징어젓, 낙지젓 등), 게장류(여수돌게장,암꽃게장 등 마트에서 잘 못 구하는 희귀한 것들)
A9: 7 | B9: 김치류 3kg, 5kg 단위 (배추김치, 깍두기, 열무김치, 파김치)
A10: 8 | B10: 햇고구마, 햇밤, 고구마말랭이 | D10: ※ 가정 관련 서비스 | Q10: 소싱규칙
A11: 9 | B11: 말린 국산 고추, 2025년 햇고춧가루 (8월 이후부터 나오기 시작)
A12: 10 | B12: 통마늘, 생강, 자색양파 요리용, 김장용 (11월부터 판매) | D12: 1. 30~60대 남,녀 모두가 찾을 만한 서비스 | Q12: 1. 최저가 (가격만큼 강한 소구점은 없음)
A13: 11 | B13: 곶감, 감말랭이, 각종 국산 말린과일 | D13: 2. 기술자를 구하기 어렵지만, 모든 가정에 필요할 만한 서비스면 좋다 (숨고, 크몽 생각보다 안씀) | Q13: 2. 당장 다음주에 팔릴 만한 상품 (9월엔 추석 선물, 추석 제수 준비, 여행 준비, 겨울엔 김장관련, 고구마 등 겨울 간식)
A14: 12 | B14: 참기름, 들기름 | D14: 3.시즌성을 고려하면 더 좋다 (6~7월 에어컨 청소 및 설치, 실링펜 설치, 봄철 대청소, 입주청소, 신학기 영어유치원 상담) | Q14: 3. 위탁 판매가 가능해야 함 (내가 미리 사서 집에 둔 후에 손님에게 보내야 한다면 X)
A15: 13 | B15: 떡(냉동해도 맛있는 떡류 - 인절미, 약과, 강정, 쑥인절미) | Q15: 4. 원래 상표 제거, 스티커 부착, 박스 교체 등이 가능한 게 좋음(안되면 어쩔 수 없음)
A16: 14 | B16: 건강즙 (포도즙, 사과즙, abc주스, 양파즙, 양배추즙, 흑염소진액, 우슬즙 등) | D16: 아기엄마, 40~70대가 단골로 겪는 건강 문제, 고민과 관련된 상품 혹은 서비스
A17: 15 | B17: 배도라지청, 수세미즙(기관지 건강) | D17: - 어깨,손목,무릎 등 관절 통증
A18: 16 | B18: 한약재 (결명자, 삼백초, 귤껍질, 오미자, 국산말린 쑥, 건조칡, 쇠무릎(우슬뿌리), 박하차, 야관문차, 옥수수 속대, 개다래 열매) | D18: - 두피 질환, 머리 냄새(청소년), 노인 모발 힘없음, 피부 기미 관리, 내성발톱 풋케어 (before & after)
A19: 17 | D19: - 수면 문제, 시력 저하, 고혈압 및 혈당, 근육 감소, 소화 기능 저하, 기력 저하 등
A20: 18 | B20: 그 외 브랜드를 타지 않는 제품 중, “떨이" 성격이 강하다면 무난하게 잘 팔림 - 충동구매를 유도 | D20: - 산후 마사지, 임산부 마사지, 출장 마사지 연결
A21: 20 | B21: -유아동 의류, 신발 (사이즈가 단순함, 가격 싸면 쟁여두는 육아맘 진짜 많음) | D21: 위의 고민들에 효과가 있는 식품군 (영양제는 안되고, 민간요법과 관련된 차, 즙, 티백 등)
A22: 21 | B22: -떨이 세제, 주방세제, 섬유유연제 (특히 아기거면 더 좋음) | D22: 혹은 10회 이상 관리를 받게 되는 관리 서비스 (동네 샵에 문의하여 마케팅 대행 진행)
A23: 22 | B23: -떨이 과일, 못난이 과일 (가락시장이나 과일시장에서 떨이만 소싱할 수 있어야 해서 까다로움)
A24: 23 | B24: -떨이 가전 (브랜드 안유명한거) | D24: 1.네이버 식품 도매 카페
A25: 24 | B25: -실제로 떨이가 아니라도 떨이처럼 스토리 만들면 됨 | D25: 산지도매센터 https://www.santafarmer.com/
A26: 25 | B26: -에어컨설치/청소 : 후기 모음 콘텐츠, 가장 저렴한 단가, 꼼꼼한 작업 | D26: 농라 https://cafe.naver.com/tlsxh
A27: 26 | B27: -인테리어 수리:오래된 타일, 싱크대, 수전 교체 등 | D27: 삼시세끼 https://cafe.naver.com/1dsp7
A28: 27 | B28: -천장 실링펜 구매+설치 : 테무에서 실링펜 구매, 설치기사 소싱 | D28: 식품제조 https://cafe.naver.com/food2008
A29: 28 | B29: -집 대청소,정리,짐 버리기 작업 : before&after 수기 형식 콘텐츠 | D29: 셀러오션 '도매위탁' 게시판 https://cafe.naver.com/f-e/cafes/10094408/menus/291?viewType=L
A30: 29 | B30: -영어유치원 상담 : 체험, 생각보다 싸다, 생각보다 놀이 형식이다
A31: 30 | B31: -피부관리샵, 산후마사지사 : before&after, 체험 쿠폰 | D31: 2.네이버 스마트스토어
A32: 31 | B32: -체형교정센터(아이들 키크는 문제, 자세 교정 문제) : before&after, 할인 쿠폰 | D32: 키워드 검색 - ‘쇼핑 탭' 이동 - '가격' 필터에서 상한가 설정하기(보통 1페이지에 보이는 가격 중 최저가를 상한가로 설정) 단위별 최저가 상품을 먼저 찾고, 최저가 중에서 소구점에 부합하는 상품을 걸러냄
A33: 32 | B33: -변기, 하수구 뚫는 대행 | D33: (양배추즙의 경우, ‘양배추즙 100포'로 검색하면 좀 더 취저가 찾기 쉬움)
D35: 3.재래시장, 주변 지인, 친척

Sheet 소싱응대법
A1: ▣ 소싱 응대법
A2: 1.농산물 카페, 도매처
A3: - 전화해서 바로 문의
A4: 2.네이버 스마트스토어, 쿠팡 등 오픈마켓 판매자 :
A5: - 제조원에 직접 연락하거나, 판매자가 생산자로 보이는 경우 네이버 톡톡 문의로 먼저 문의, 톡톡에 하루 동안 답 없으면
A6: 바로 전화로 문의하기
A9: ▶ 위탁 판매시 제조사에 전할 메시지 문구 (혹은 통화 대사)
A10: 첫 문구 : “안녕하세요, 저희는 현재 폐쇄몰에서 양배추즙, 양파즙 상품으로 월 2천만원 정도의 매출을 내고 있습니다.
A11: 이번에 새롭게 포도즙을 위탁판매 해 보고 싶은데 혹시 위탁판매 거래 하시나요?”
A13: 응용: | B13: 안녕하세요, 사장님. 저희는 현재 서울,수도권 폐쇄몰에서 신선식품으로 월 3천만원 정도의 매출을 내고 있는 업체입니다. 다름이 아니라, 이번에 새롭게 된장을 판매해 보고 싶어 문의를 드리게 되었습니다. 혹시 위탁판매로도 거래가 가능하실까요? | AD13: 안녕하세요, 사장님.
AD14: 저희는 서울·수도권 폐쇄몰에서 다양한 제품을 판매하며
B15: 안녕하세요, 사장님. 저희는 서울·수도권 폐쇄몰에서 신선식품을 판매하며 월 3천만 원 수준의 매출을 꾸준히 내고 있는 업체입니다. 이번에 전통 장류(특히 된장) 카테고리를 새롭게 확장하고자 하여, 사장님의 제품을 저희 판매 채널에 위탁 형태로 입점할 수 있을지 문의드리고자 합니다. | AD15: 월 약 3천만 원 수준의 매출을 내고 있는 업체입니다.
B16: 저희 쪽에서 상품 상세 제작, 마케팅, 고객 응대까지 모두 진행하기 때문에 사장님께서는 별도의 비용이나 리스크 없이 안정적으로 매출 확대 효과를 보실 수 있습니다.
B17: 혹시 위탁 판매 협의가 가능하시다면, 조건이나 방식에 대해 편하게 말씀 부탁드립니다. | AD17: 이번에 ○○(제품 카테고리) 쪽으로 판매 영역을 확장하려 하는데,
B18: 감사합니다. | AD18: 혹시 위탁 판매 형태로 협업이 가능하실까요?
AD19: 사장님께서는 별도 부담 없이 매출 확대 효과를 보실 수 있도록
AD20: 저희가 마케팅과 고객 응대를 맡겠습니다.
A21: 폐쇄몰이 어디인데요?
A22: : “광교, 천안, 세종, 용인 지역의 아파트 단톡방을 운영하고 있고요. 식품군을 돌아가면서 소개하면서 판매하고 있습니다.” | AD22: 편하게 회신 주시면 감사하겠습니다.
A23: (당근마켓임을 밝히지 않는 게 좋음)
A25: "인천, 김포, 부천"지역에서 아파트 단톡방을 통해서 운영하고 있습니다! 그래서 보통 일주일에 2~3일 정도 주문건을 모아서 말씀드리면, 발송을 해주시는 형태로 운영 중에 있습니다^^
A32: 거래 조건이 어떻게 되는데요? | AD32: 안녕하세요, 사장님.
A33: : “저희가 일주일에 2-3일 정도 주문건 모아서 카톡으로 드리면, 거기에 발송해 주시면 되는 조건입니다. 결제는 발송 당일에 바로 해 드립니다.” | AD33: 저희는 서울·수도권 폐쇄몰에서 다양한 제품을 판매하며
AD34: 월 3천만 원 이상 매출을 꾸준히 기록하고 있는 업체입니다.
A35: 한달에 몇 개나 나가는데요?
A36: “저희도 이 상품이 처음이라 반응을 봐야 겠지만, 이전에 잘 된 상품들은 월에 4-5천만원씩은 꾸준히 팔렸습니다. | AD36: 최근 고객 데이터를 분석해 본 결과,
A37: 이건 초반에 저희도 홍보를 열심히 해 봐야 알 수 있습니다. 1-2개월 차에는 한달에 몇십개정도 일 수도 있는데, 입소문 나면 금방 늘어납니다.” | AD37: ○○(제품 카테고리) 관련 수요가 증가하고 있어
AD38: 이번에 해당 카테고리 상품을 새롭게 확장하고자 합니다.
A39: 저희가 보내던 상태 그대로 보내면 돼요?
A40: “물론 스티커나 브랜드 표시가 된 걸 빼고 보내주시면 제일 좋지만, 처음에 좀 껄끄러우시면 일주일에 물량 20개 이상 나가게 되면 | AD40: 저희는 위탁 형태로 제품을 공급받아
A41: 그때 제가 스티커랑 박스 보내 드리면, 그때부터 붙여서 나가 주시면 됩니다.” | AD41: 상품 상세 제작, 온라인 채널 노출, 마케팅 및 고객 응대까지
AD42: 모두 진행하기 때문에, 사장님께서는
A43: 반품이나 그런 건 어떡해요? | AD43: 추가 비용이나 리스크 부담 없이 안정적인 매출 확대를 기대하실 수 있습니다.
A44: “사장님 거래 조건에 따르겠습니다.”
A45: (당근은 반품이 0%에 가까움. 단, 신선식품은 배송시 상품이 깨질 수 있음. | AD45: 혹시 위탁 판매 협의가 가능하시다면,
A46: 이 경우, 반품 조건에 대해 미리 거래처와 조율을 해 두는 게 좋음. 수령 후 1일 내에 바로 상품 사진을 전송한다든지) | AD46: 조건이나 방식에 대해 편하게 말씀 부탁드리겠습니다.
A48: 그럼 가격을 제가 메일로 줄게요. 명함 하나 문자로 보내 봐 주세요. | AD48: 감사합니다.
A49: “네 사장님 제가 문자로 명함 하나 보내 놓겠습니다. 위탁판매 단가표 전달 주세요.”

Sheet 입력
A1: 번호 | B1: 업체명(선택) | C1: 담당자 호칭 | D1: 제품 카테고리 | E1: 판매채널 | F1: 월 매출(만원)
A2: 1 | B2: 오색건강원 | C2: 사장님 | D2: 된장 | E2: 서울·수도권 폐쇄몰 | F2: 3000
A3: 2 | B3: 블루셀럽 | C3: 사장님 | D3: 고구마 | E3: 서울·수도권 폐쇄몰 | F3: 3000
A4: 3 | B4: 오색건강원 | C4: 사장님 | D4: 우슬즙 | E4: 서울·수도권 폐쇄몰 | F4: 3000
A5: 4 | B5: 오색건강원 | C5: 사장님 | D5: 야관문 | E5: 서울·수도권 폐쇄몰
A6: 5 | C6: 사장님 | D6: ○○(제품 카테고리) | E6: 서울·수도권 폐쇄몰
A7: 6 | C7: 사장님 | D7: ○○(제품 카테고리) | E7: 서울·수도권 폐쇄몰
A8: 7 | C8: 사장님 | D8: ○○(제품 카테고리) | E8: 서울·수도권 폐쇄몰
A9: 8 | C9: 사장님 | D9: ○○(제품 카테고리) | E9: 서울·수도권 폐쇄몰
A10: 9 | C10: 사장님 | D10: ○○(제품 카테고리) | E10: 서울·수도권 폐쇄몰
A11: 10 | C11: 사장님 | D11: ○○(제품 카테고리) | E11: 서울·수도권 폐쇄몰
A12: 11 | C12: 사장님 | D12: ○○(제품 카테고리) | E12: 서울·수도권 폐쇄몰
A13: 12 | C13: 사장님 | D13: ○○(제품 카테고리) | E13: 서울·수도권 폐쇄몰
A14: 13 | C14: 사장님 | D14: ○○(제품 카테고리) | E14: 서울·수도권 폐쇄몰
A15: 14 | C15: 사장님 | D15: ○○(제품 카테고리) | E15: 서울·수도권 폐쇄몰
A16: 15 | C16: 사장님 | D16: ○○(제품 카테고리) | E16: 서울·수도권 폐쇄몰
A17: 16 | C17: 사장님 | D17: ○○(제품 카테고리) | E17: 서울·수도권 폐쇄몰
... A101: 100 | C101: 사장님 | D101: ○○(제품 카테고리) | E101: 서울·수도권 폐쇄몰
A103: 사용법 | B103: 각 행에 호칭, 제품 카테고리, 판매채널, 월 매출(만원)을 입력하면 '메시지' 시트에 자동 생성됩니다. 줄바꿈 포함 복사 사용 가능.
A104: 팁 | B104: 제품 카테고리 예: 주방용품/생활잡화/텀블러/기능성 양말 등 | 판매채널 예: 서울·수도권 폐쇄몰/스마트스토어/자체몰/라이브커머스

Sheet 메시지
A1: 번호 | B1: 짧은 버전 (톡톡/카톡용) | C1: 상세 버전 (메일/제안서용)
A2: 1 | B2: =IF(입력!C2="","","안녕하세요, "&입력!C2&"."&CHAR(10)&"저희는 "&입력!E2&"에서 다양한 제품을 판매하며"&CHAR(10)&"월 약 "&TEXT(입력!F2,"0")&"만 원 수준의 매출을 내고 있는 업체입니다."&CHAR(10)&CHAR(10)&"이번에 "&입력!D2&" 쪽으로 판매 영역을 확장하려 하는데,"&CHAR(10)&"혹시 위탁 판매 형태로 협업이 가능하실까요?"&CHAR(10)&입력!C2&"께서는 별도 부담 없이 매출 확대 효과를 보실 수 있도록"&CHAR(10)&"저희가 마케팅과 고객 응대를 맡겠습니다."&CHAR(10)&CHAR(10)&"편하게 회신 주시면 감사하겠습니다.") -> 안녕하세요, 사장님. 저희는 서울·수도권 폐쇄몰에서 다양한 제품을 판매하며 월 약 3000만 원 수준의 매출을 내고 있는 업체입니다. 이번에 된장 쪽으로 판매 영역을 확장하려 하는데, 혹시 위탁 판매 형태로 협업이 가능하실까요? 사장님께서는 별도 부담 없이 매출 확대 효과를 보실 수 있도록 저희가 마케팅과 고객 응대를 맡겠습니다. 편하게 회신 주시면 감사하겠습니다. | C2: =IF(입력!C2="","","안녕하세요, "&입력!C2&"."&CHAR(10)&"저희는 "&입력!E2&"에서 다양한 제품을 판매하며"&CHAR(10)&"월 "&TEXT(입력!F2,"0")&"만 원 이상의 매출을 꾸준히 기록하고 있는 업체입니다."&CHAR(10)&CHAR(10)&"최근 고객 데이터를 분석해 본 결과,"&CHAR(10)&입력!D2&" 관련 수요가 증가하고 있어"&CHAR(10)&"이번에 해당 카테고리 상품을 새롭게 확장하고자 합니다."&CHAR(10)&CHAR(10)&"저희는 위탁 형태로 제품을 공급받아"&CHAR(10)&"상품 상세 제작, 온라인 채널 노출, 마케팅 및 고객 응대까지"&CHAR(10)&"모두 진행하기 때문에, "&입력!C2&"께서는"&CHAR(10)&"추가 비용이나 리스크 부담 없이 안정적인 매출 확대를 기대하실 수 있습니다."&CHAR(10)&CHAR(10)&"혹시 위탁 판매 협의가 가능하시다면,"&CHAR(10)&"조건이나 방식에 대해 편하게 말씀 부탁드리겠습니다."&CHAR(10)&CHAR(10)&"감사합니다.") -> 안녕하세요, 사장님. 저희는 서울·수도권 폐쇄몰에서 다양한 제품을 판매하며 월 3000만 원 이상의 매출을 꾸준히 기록하고 있는 업체입니다. 최근 고객 데이터를 분석해 본 결과, 된장 관련 수요가 증가하고 있어 이번에 해당 카테고리 상품을 새롭게 확장하고자 합니다. 저희는 위탁 형태로 제품을 공급받아 상품 상세 제작, 온라인 채널 노출, 마케팅 및 고객 응대까지 모두 진행하기 때문에, 사장님께서는 추가 비용이나 리스크 부담 없이 안정적인 매출 확대를 기대하실 수 있습니다. 혹시 위탁 판매 협의가 가능하시다면, 조건이나 방식에 대해 편하게 말씀 부탁드리겠습니다. 감사합니다.
A3: 2 | B3: =IF(입력!C3="","","안녕하세요, "&입력!C3&"."&CHAR(10)&"저희는 "&입력!E3&"에서 다양한 제품을 판매하며"&CHAR(10)&"월 약 "&TEXT(입력!F3,"0")&"만 원 수준의 매출을 내고 있는 업체입니다."&CHAR(10)&CHAR(10)&"이번에 "&입력!D3&" 쪽으로 판매 영역을 확장하려 하는데,"&CHAR(10)&"혹시 위탁 판매 형태로 협업이 가능하실까요?"&CHAR(10)&입력!C3&"께서는 별도 부담 없이 매출 확대 효과를 보실 수 있도록"&CHAR(10)&"저희가 마케팅과 고객 응대를 맡겠습니다."&CHAR(10)&CHAR(10)&"편하게 회신 주시면 감사하겠습니다.") -> 안녕하세요, 사장님. 저희는 서울·수도권 폐쇄몰에서 다양한 제품을 판매하며 월 약 3000만 원 수준의 매출을 내고 있는 업체입니다. 이번에 고구마 쪽으로 판매 영역을 확장하려 하는데, 혹시 위탁 판매 형태로 협업이 가능하실까요? 사장님께서는 별도 부담 없이 매출 확대 효과를 보실 수 있도록 저희가 마케팅과 고객 응대를 맡겠습니다. 편하게 회신 주시면 감사하겠습니다. | C3: =IF(입력!C3="","","안녕하세요, "&입력!C3&"."&CHAR(10)&"저희는 "&입력!E3&"에서 다양한 제품을 판매하며"&CHAR(10)&"월 "&TEXT(입력!F3,"0")&"만 원 이상의 매출을 꾸준히 기록하고 있는 업체입니다."&CHAR(10)&CHAR(10)&"최근 고객 데이터를 분석해 본 결과,"&CHAR(10)&입력!D3&" 관련 수요가 증가하고 있어"&CHAR(10)&"이번에 해당 카테고리 상품을 새롭게 확장하고자 합니다."&CHAR(10)&CHAR(10)&"저희는 위탁 형태로 제품을 공급받아"&CHAR(10)&"상품 상세 제작, 온라인 채널 노출, 마케팅 및 고객 응대까지"&CHAR(10)&"모두 진행하기 때문에, "&입력!C3&"께서는"&CHAR(10)&"추가 비용이나 리스크 부담 없이 안정적인 매출 확대를 기대하실 수 있습니다."&CHAR(10)&CHAR(10)&"혹시 위탁 판매 협의가 가능하시다면,"&CHAR(10)&"조건이나 방식에 대해 편하게 말씀 부탁드리겠습니다."&CHAR(10)&CHAR(10)&"감사합니다.") -> 안녕하세요, 사장님. 저희는 서울·수도권 폐쇄몰에서 다양한 제품을 판매하며 월 3000만 원 이상의 매출을 꾸준히 기록하고 있는 업체입니다. 최근 고객 데이터를 분석해 본 결과, 고구마 관련 수요가 증가하고 있어 이번에 해당 카테고리 상품을 새롭게 확장하고자 합니다. 저희는 위탁 형태로 제품을 공급받아 상품 상세 제작, 온라인 채널 노출, 마케팅 및 고객 응대까지 모두 진행하기 때문에, 사장님께서는 추가 비용이나 리스크 부담 없이 안정적인 매출 확대를 기대하실 수 있습니다. 혹시 위탁 판매 협의가 가능하시다면, 조건이나 방식에 대해 편하게 말씀 부탁드리겠습니다. 감사합니다.
A4: 3 | B4: =IF(입력!C4="","","안녕하세요, "&입력!C4&"."&CHAR(10)&"저희는 "&입력!E4&"에서 다양한 제품을 판매하며"&CHAR(10)&"월 약 "&TEXT(입력!F4,"0")&"만 원 수준의 매출을 내고 있는 업체입니다."&CHAR(10)&CHAR(10)&"이번에 "&입력!D4&" 쪽으로 판매 영역을 확장하려 하는데,"&CHAR(10)&"혹시 위탁 판매 형태로 협업이 가능하실까요?"&CHAR(10)&입력!C4&"께서는 별도 부담 없이 매출 확대 효과를 보실 수 있도록"&CHAR(10)&"저희가 마케팅과 고객 응대를 맡겠습니다."&CHAR(10)&CHAR(10)&"편하게 회신 주시면 감사하겠습니다.") -> 안녕하세요, 사장님. 저희는 서울·수도권 폐쇄몰에서 다양한 제품을 판매하며 월 약 3000만 원 수준의 매출을 내고 있는 업체입니다. 이번에 우슬즙 쪽으로 판매 영역을 확장하려 하는데, 혹시 위탁 판매 형태로 협업이 가능하실까요? 사장님께서는 별도 부담 없이 매출 확대 효과를 보실 수 있도록 저희가 마케팅과 고객 응대를 맡겠습니다. 편하게 회신 주시면 감사하겠습니다. | C4: =IF(입력!C4="","","안녕하세요, "&입력!C4&"."&CHAR(10)&"저희는 "&입력!E4&"에서 다양한 제품을 판매하며"&CHAR(10)&"월 "&TEXT(입력!F4,"0")&"만 원 이상의 매출을 꾸준히 기록하고 있는 업체입니다."&CHAR(10)&CHAR(10)&"최근 고객 데이터를 분석해 본 결과,"&CHAR(10)&입력!D4&" 관련 수요가 증가하고 있어"&CHAR(10)&"이번에 해당 카테고리 상품을 새롭게 확장하고자 합니다."&CHAR(10)&CHAR(10)&"저희는 위탁 형태로 제품을 공급받아"&CHAR(10)&"상품 상세 제작, 온라인 채널 노출, 마케팅 및 고객 응대까지"&CHAR(10)&"모두 진행하기 때문에, "&입력!C4&"께서는"&CHAR(10)&"추가 비용이나 리스크 부담 없이 안정적인 매출 확대를 기대하실 수 있습니다."&CHAR(10)&CHAR(10)&"혹시 위탁 판매 협의가 가능하시다면,"&CHAR(10)&"조건이나 방식에 대해 편하게 말씀 부탁드리겠습니다."&CHAR(10)&CHAR(10)&"감사합니다.") -> 안녕하세요, 사장님. 저희는 서울·수도권 폐쇄몰에서 다양한 제품을 판매하며 월 3000만 원 이상의 매출을 꾸준히 기록하고 있는 업체입니다. 최근 고객 데이터를 분석해 본 결과, 우슬즙 관련 수요가 증가하고 있어 이번에 해당 카테고리 상품을 새롭게 확장하고자 합니다. 저희는 위탁 형태로 제품을 공급받아 상품 상세 제작, 온라인 채널 노출, 마케팅 및 고객 응대까지 모두 진행하기 때문에, 사장님께서는 추가 비용이나 리스크 부담 없이 안정적인 매출 확대를 기대하실 수 있습니다. 혹시 위탁 판매 협의가 가능하시다면, 조건이나 방식에 대해 편하게 말씀 부탁드리겠습니다. 감사합니다.
A5: 4 | B5: =IF(입력!C5="","","안녕하세요, "&입력!C5&"."&CHAR(10)&"저희는 "&입력!E5&"에서 다양한 제품을 판매하며"&CHAR(10)&"월 약 "&TEXT(입력!F5,"0")&"만 원 수준의 매출을 내고 있는 업체입니다."&CHAR(10)&CHAR(10)&"이번에 "&입력!D5&" 쪽으로 판매 영역을 확장하려 하는데,"&CHAR(10)&"혹시 위탁 판매 형태로 협업이 가능하실까요?"&CHAR(10)&입력!C5&"께서는 별도 부담 없이 매출 확대 효과를 보실 수 있도록"&CHAR(10)&"저희가 마케팅과 고객 응대를 맡겠습니다."&CHAR(10)&CHAR(10)&"편하게 회신 주시면 감사하겠습니다.") -> 안녕하세요, 사장님. 저희는 서울·수도권 폐쇄몰에서 다양한 제품을 판매하며 월 약 0만 원 수준의 매출을 내고 있는 업체입니다. 이번에 야관문 쪽으로 판매 영역을 확장하려 하는데, 혹시 위탁 판매 형태로 협업이 가능하실까요? 사장님께서는 별도 부담 없이 매출 확대 효과를 보실 수 있도록 저희가 마케팅과 고객 응대를 맡겠습니다. 편하게 회신 주시면 감사하겠습니다. | C5: =IF(입력!C5="","","안녕하세요, "&입력!C5&"."&CHAR(10)&"저희는 "&입력!E5&"에서 다양한 제품을 판매하며"&CHAR(10)&"월 "&TEXT(입력!F5,"0")&"만 원 이상의 매출을 꾸준히 기록하고 있는 업체입니다."&CHAR(10)&CHAR(10)&"최근 고객 데이터를 분석해 본 결과,"&CHAR(10)&입력!D5&" 관련 수요가 증가하고 있어"&CHAR(10)&"이번에 해당 카테고리 상품을 새롭게 확장하고자 합니다."&CHAR(10)&CHAR(10)&"저희는 위탁 형태로 제품을 공급받아"&CHAR(10)&"상품 상세 제작, 온라인 채널 노출, 마케팅 및 고객 응대까지"&CHAR(10)&"모두 진행하기 때문에, "&입력!C5&"께서는"&CHAR(10)&"추가 비용이나 리스크 부담 없이 안정적인 매출 확대를 기대하실 수 있습니다."&CHAR(10)&CHAR(10)&"혹시 위탁 판매 협의가 가능하시다면,"&CHAR(10)&"조건이나 방식에 대해 편하게 말씀 부탁드리겠습니다."&CHAR(10)&CHAR(10)&"감사합니다.") -> 안녕하세요, 사장님. 저희는 서울·수도권 폐쇄몰에서 다양한 제품을 판매하며 월 0만 원 이상의 매출을 꾸준히 기록하고 있는 업체입니다. 최근 고객 데이터를 분석해 본 결과, 야관문 관련 수요가 증가하고 있어 이번에 해당 카테고리 상품을 새롭게 확장하고자 합니다. 저희는 위탁 형태로 제품을 공급받아 상품 상세 제작, 온라인 채널 노출, 마케팅 및 고객 응대까지 모두 진행하기 때문에, 사장님께서는 추가 비용이나 리스크 부담 없이 안정적인 매출 확대를 기대하실 수 있습니다. 혹시 위탁 판매 협의가 가능하시다면, 조건이나 방식에 대해 편하게 말씀 부탁드리겠습니다. 감사합니다.
A6: 5 | B6: =IF(입력!C6="","","안녕하세요, "&입력!C6&"."&CHAR(10)&"저희는 "&입력!E6&"에서 다양한 제품을 판매하며"&CHAR(10)&"월 약 "&TEXT(입력!F6,"0")&"만 원 수준의 매출을 내고 있는 업체입니다."&CHAR(10)&CHAR(10)&"이번에 "&입력!D6&" 쪽으로 판매 영역을 확장하려 하는데,"&CHAR(10)&"혹시 위탁 판매 형태로 협업이 가능하실까요?"&CHAR(10)&입력!C6&"께서는 별도 부담 없이 매출 확대 효과를 보실 수 있도록"&CHAR(10)&"저희가 마케팅과 고객 응대를 맡겠습니다."&CHAR(10)&CHAR(10)&"편하게 회신 주시면 감사하겠습니다.") -> 안녕하세요, 사장님. 저희는 서울·수도권 폐쇄몰에서 다양한 제품을 판매하며 월 약 0만 원 수준의 매출을 내고 있는 업체입니다. 이번에 ○○(제품 카테고리) 쪽으로 판매 영역을 확장하려 하는데, 혹시 위탁 판매 형태로 협업이 가능하실까요? 사장님께서는 별도 부담 없이 매출 확대 효과를 보실 수 있도록 저희가 마케팅과 고객 응대를 맡겠습니다. 편하게 회신 주시면 감사하겠습니다. | C6: =IF(입력!C6="","","안녕하세요, "&입력!C6&"."&CHAR(10)&"저희는 "&입력!E6&"에서 다양한 제품을 판매하며"&CHAR(10)&"월 "&TEXT(입력!F6,"0")&"만 원 이상의 매출을 꾸준히 기록하고 있는 업체입니다."&CHAR(10)&CHAR(10)&"최근 고객 데이터를 분석해 본 결과,"&CHAR(10)&입력!D6&" 관련 수요가 증가하고 있어"&CHAR(10)&"이번에 해당 카테고리 상품을 새롭게 확장하고자 합니다."&CHAR(10)&CHAR(10)&"저희는 위탁 형태로 제품을 공급받아"&CHAR(10)&"상품 상세 제작, 온라인 채널 노출, 마케팅 및 고객 응대까지"&CHAR(10)&"모두 진행하기 때문에, "&입력!C6&"께서는"&CHAR(10)&"추가 비용이나 리스크 부담 없이 안정적인 매출 확대를 기대하실 수 있습니다."&CHAR(10)&CHAR(10)&"혹시 위탁 판매 협의가 가능하시다면,"&CHAR(10)&"조건이나 방식에 대해 편하게 말씀 부탁드리겠습니다."&CHAR(10)&CHAR(10)&"감사합니다.") -> 안녕하세요, 사장님. 저희는 서울·수도권 폐쇄몰에서 다양한 제품을 판매하며 월 0만 원 이상의 매출을 꾸준히 기록하고 있는 업체입니다. 최근 고객 데이터를 분석해 본 결과, ○○(제품 카테고리) 관련 수요가 증가하고 있어 이번에 해당 카테고리 상품을 새롭게 확장하고자 합니다. 저희는 위탁 형태로 제품을 공급받아 상품 상세 제작, 온라인 채널 노출, 마케팅 및 고객 응대까지 모두 진행하기 때문에, 사장님께서는 추가 비용이나 리스크 부담 없이 안정적인 매출 확대를 기대하실 수 있습니다. 혹시 위탁 판매 협의가 가능하시다면, 조건이나 방식에 대해 편하게 말씀 부탁드리겠습니다. 감사합니다.
A7: 6 | B7: =IF(입력!C7="","","안녕하세요, "&입력!C7&"."&CHAR(10)&"저희는 "&입력!E7&"에서 다양한 제품을 판매하며"&CHAR(10)&"월 약 "&TEXT(입력!F7,"0")&"만 원 수준의 매출을 내고 있는 업체입니다."&CHAR(10)&CHAR(10)&"이번에 "&입력!D7&" 쪽으로 판매 영역을 확장하려 하는데,"&CHAR(10)&"혹시 위탁 판매 형태로 협업이 가능하실까요?"&CHAR(10)&입력!C7&"께서는 별도 부담 없이 매출 확대 효과를 보실 수 있도록"&CHAR(10)&"저희가 마케팅과 고객 응대를 맡겠습니다."&CHAR(10)&CHAR(10)&"편하게 회신 주시면 감사하겠습니다.") -> 안녕하세요, 사장님. 저희는 서울·수도권 폐쇄몰에서 다양한 제품을 판매하며 월 약 0만 원 수준의 매출을 내고 있는 업체입니다. 이번에 ○○(제품 카테고리) 쪽으로 판매 영역을 확장하려 하는데, 혹시 위탁 판매 형태로 협업이 가능하실까요? 사장님께서는 별도 부담 없이 매출 확대 효과를 보실 수 있도록 저희가 마케팅과 고객 응대를 맡겠습니다. 편하게 회신 주시면 감사하겠습니다. | C7: =IF(입력!C7="","","안녕하세요, "&입력!C7&"."&CHAR(10)&"저희는 "&입력!E7&"에서 다양한 제품을 판매하며"&CHAR(10)&"월 "&TEXT(입력!F7,"0")&"만 원 이상의 매출을 꾸준히 기록하고 있는 업체입니다."&CHAR(10)&CHAR(10)&"최근 고객 데이터를 분석해 본 결과,"&CHAR(10)&입력!D7&" 관련 수요가 증가하고 있어"&CHAR(10)&"이번에 해당 카테고리 상품을 새롭게 확장하고자 합니다."&CHAR(10)&CHAR(10)&"저희는 위탁 형태로 제품을 공급받아"&CHAR(10)&"상품 상세 제작, 온라인 채널 노출, 마케팅 및 고객 응대까지"&CHAR(10)&"모두 진행하기 때문에, "&입력!C7&"께서는"&CHAR(10)&"추가 비용이나 리스크 부담 없이 안정적인 매출 확대를 기대하실 수 있습니다."&CHAR(10)&CHAR(10)&"혹시 위탁 판매 협의가 가능하시다면,"&CHAR(10)&"조건이나 방식에 대해 편하게 말씀 부탁드리겠습니다."&CHAR(10)&CHAR(10)&"감사합니다.") -> 안녕하세요, 사장님. 저희는 서울·수도권 폐쇄몰에서 다양한 제품을 판매하며 월 0만 원 이상의 매출을 꾸준히 기록하고 있는 업체입니다. 최근 고객 데이터를 분석해 본 결과, ○○(제품 카테고리) 관련 수요가 증가하고 있어 이번에 해당 카테고리 상품을 새롭게 확장하고자 합니다. 저희는 위탁 형태로 제품을 공급받아 상품 상세 제작, 온라인 채널 노출, 마케팅 및 고객 응대까지 모두 진행하기 때문에, 사장님께서는 추가 비용이나 리스크 부담 없이 안정적인 매출 확대를 기대하실 수 있습니다. 혹시 위탁 판매 협의가 가능하시다면, 조건이나 방식에 대해 편하게 말씀 부탁드리겠습니다. 감사합니다.
A8: 7 | B8: =IF(입력!C8="","","안녕하세요, "&입력!C8&"."&CHAR(10)&"저희는 "&입력!E8&"에서 다양한 제품을 판매하며"&CHAR(10)&"월 약 "&TEXT(입력!F8,"0")&"만 원 수준의 매출을 내고 있는 업체입니다."&CHAR(10)&CHAR(10)&"이번에 "&입력!D8&" 쪽으로 판매 영역을 확장하려 하는데,"&CHAR(10)&"혹시 위탁 판매 형태로 협업이 가능하실까요?"&CHAR(10)&입력!C8&"께서는 별도 부담 없이 매출 확대 효과를 보실 수 있도록"&CHAR(10)&"저희가 마케팅과 고객 응대를 맡겠습니다."&CHAR(10)&CHAR(10)&"편하게 회신 주시면 감사하겠습니다.") -> 안녕하세요, 사장님. 저희는 서울·수도권 폐쇄몰에서 다양한 제품을 판매하며 월 약 0만 원 수준의 매출을 내고 있는 업체입니다. 이번에 ○○(제품 카테고리) 쪽으로 판매 영역을 확장하려 하는데, 혹시 위탁 판매 형태로 협업이 가능하실까요? 사장님께서는 별도 부담 없이 매출 확대 효과를 보실 수 있도록 저희가 마케팅과 고객 응대를 맡겠습니다. 편하게 회신 주시면 감사하겠습니다. | C8: =IF(입력!C8="","","안녕하세요, "&입력!C8&"."&CHAR(10)&"저희는 "&입력!E8&"에서 다양한 제품을 판매하며"&CHAR(10)&"월 "&TEXT(입력!F8,"0")&"만 원 이상의 매출을 꾸준히 기록하고 있는 업체입니다."&CHAR(10)&CHAR(10)&"최근 고객 데이터를 분석해 본 결과,"&CHAR(10)&입력!D8&" 관련 수요가 증가하고 있어"&CHAR(10)&"이번에 해당 카테고리 상품을 새롭게 확장하고자 합니다."&CHAR(10)&CHAR(10)&"저희는 위탁 형태로 제품을 공급받아"&CHAR(10)&"상품 상세 제작, 온라인 채널 노출, 마케팅 및 고객 응대까지"&CHAR(10)&"모두 진행하기 때문에, "&입력!C8&"께서는"&CHAR(10)&"추가 비용이나 리스크 부담 없이 안정적인 매출 확대를 기대하실 수 있습니다."&CHAR(10)&CHAR(10)&"혹시 위탁 판매 협의가 가능하시다면,"&CHAR(10)&"조건이나 방식에 대해 편하게 말씀 부탁드리겠습니다."&CHAR(10)&CHAR(10)&"감사합니다.") -> 안녕하세요, 사장님. 저희는 서울·수도권 폐쇄몰에서 다양한 제품을 판매하며 월 0만 원 이상의 매출을 꾸준히 기록하고 있는 업체입니다. 최근 고객 데이터를 분석해 본 결과, ○○(제품 카테고리) 관련 수요가 증가하고 있어 이번에 해당 카테고리 상품을 새롭게 확장하고자 합니다. 저희는 위탁 형태로 제품을 공급받아 상품 상세 제작, 온라인 채널 노출, 마케팅 및 고객 응대까지 모두 진행하기 때문에, 사장님께서는 추가 비용이나 리스크 부담 없이 안정적인 매출 확대를 기대하실 수 있습니다. 혹시 위탁 판매 협의가 가능하시다면, 조건이나 방식에 대해 편하게 말씀 부탁드리겠습니다. 감사합니다.
A9: 8 | B9: =IF(입력!C9="","","안녕하세요, "&입력!C9&"."&CHAR(10)&"저희는 "&입력!E9&"에서 다양한 제품을 판매하며"&CHAR(10)&"월 약 "&TEXT(입력!F9,"0")&"만 원 수준의 매출을 내고 있는 업체입니다."&CHAR(10)&CHAR(10)&"이번에 "&입력!D9&" 쪽으로 판매 영역을 확장하려 하는데,"&CHAR(10)&"혹시 위탁 판매 형태로 협업이 가능하실까요?"&CHAR(10)&입력!C9&"께서는 별도 부담 없이 매출 확대 효과를 보실 수 있도록"&CHAR(10)&"저희가 마케팅과 고객 응대를 맡겠습니다."&CHAR(10)&CHAR(10)&"편하게 회신 주시면 감사하겠습니다.") -> 안녕하세요, 사장님. 저희는 서울·수도권 폐쇄몰에서 다양한 제품을 판매하며 월 약 0만 원 수준의 매출을 내고 있는 업체입니다. 이번에 ○○(제품 카테고리) 쪽으로 판매 영역을 확장하려 하는데, 혹시 위탁 판매 형태로 협업이 가능하실까요? 사장님께서는 별도 부담 없이 매출 확대 효과를 보실 수 있도록 저희가 마케팅과 고객 응대를 맡겠습니다. 편하게 회신 주시면 감사하겠습니다. | C9: =IF(입력!C9="","","안녕하세요, "&입력!C9&"."&CHAR(10)&"저희는 "&입력!E9&"에서 다양한 제품을 판매하며"&CHAR(10)&"월 "&TEXT(입력!F9,"0")&"만 원 이상의 매출을 꾸준히 기록하고 있는 업체입니다."&CHAR(10)&CHAR(10)&"최근 고객 데이터를 분석해 본 결과,"&CHAR(10)&입력!D9&" 관련 수요가 증가하고 있어"&CHAR(10)&"이번에 해당 카테고리 상품을 새롭게 확장하고자 합니다."&CHAR(10)&CHAR(10)&"저희는 위탁 형태로 제품을 공급받아"&CHAR(10)&"상품 상세 제작, 온라인 채널 노출, 마케팅 및 고객 응대까지"&CHAR(10)&"모두 진행하기 때문에, "&입력!C9&"께서는"&CHAR(10)&"추가 비용이나 리스크 부담 없이 안정적인 매출 확대를 기대하실 수 있습니다."&CHAR(10)&CHAR(10)&"혹시 위탁 판매 협의가 가능하시다면,"&CHAR(10)&"조건이나 방식에 대해 편하게 말씀 부탁드리겠습니다."&CHAR(10)&CHAR(10)&"감사합니다.") -> 안녕하세요, 사장님. 저희는 서울·수도권 폐쇄몰에서 다양한 제품을 판매하며 월 0만 원 이상의 매출을 꾸준히 기록하고 있는 업체입니다. 최근 고객 데이터를 분석해 본 결과, ○○(제품 카테고리) 관련 수요가 증가하고 있어 이번에 해당 카테고리 상품을 새롭게 확장하고자 합니다. 저희는 위탁 형태로 제품을 공급받아 상품 상세 제작, 온라인 채널 노출, 마케팅 및 고객 응대까지 모두 진행하기 때문에, 사장님께서는 추가 비용이나 리스크 부담 없이 안정적인 매출 확대를 기대하실 수 있습니다. 혹시 위탁 판매 협의가 가능하시다면, 조건이나 방식에 대해 편하게 말씀 부탁드리겠습니다. 감사합니다.
A10: 9 | B10: =IF(입력!C10="","","안녕하세요, "&입력!C10&"."&CHAR(10)&"저희는 "&입력!E10&"에서 다양한 제품을 판매하며"&CHAR(10)&"월 약 "&TEXT(입력!F10,"0")&"만 원 수준의 매출을 내고 있는 업체입니다."&CHAR(10)&CHAR(10)&"이번에 "&입력!D10&" 쪽으로 판매 영역을 확장하려 하는데,"&CHAR(10)&"혹시 위탁 판매 형태로 협업이 가능하실까요?"&CHAR(10)&입력!C10&"께서는 별도 부담 없이 매출 확대 효과를 보실 수 있도록"&CHAR(10)&"저희가 마케팅과 고객 응대를 맡겠습니다."&CHAR(10)&CHAR(10)&"편하게 회신 주시면 감사하겠습니다.") -> 안녕하세요, 사장님. 저희는 서울·수도권 폐쇄몰에서 다양한 제품을 판매하며 월 약 0만 원 수준의 매출을 내고 있는 업체입니다. 이번에 ○○(제품 카테고리) 쪽으로 판매 영역을 확장하려 하는데, 혹시 위탁 판매 형태로 협업이 가능하실까요? 사장님께서는 별도 부담 없이 매출 확대 효과를 보실 수 있도록 저희가 마케팅과 고객 응대를 맡겠습니다. 편하게 회신 주시면 감사하겠습니다. | C10: =IF(입력!C10="","","안녕하세요, "&입력!C10&"."&CHAR(10)&"저희는 "&입력!E10&"에서 다양한 제품을 판매하며"&CHAR(10)&"월 "&TEXT(입력!F10,"0")&"만 원 이상의 매출을 꾸준히 기록하고 있는 업체입니다."&CHAR(10)&CHAR(10)&"최근 고객 데이터를 분석해 본 결과,"&CHAR(10)&입력!D10&" 관련 수요가 증가하고 있어"&CHAR(10)&"이번에 해당 카테고리 상품을 새롭게 확장하고자 합니다."&CHAR(10)&CHAR(10)&"저희는 위탁 형태로 제품을 공급받아"&CHAR(10)&"상품 상세 제작, 온라인 채널 노출, 마케팅 및 고객 응대까지"&CHAR(10)&"모두 진행하기 때문에, "&입력!C10&"께서는"&CHAR(10)&"추가 비용이나 리스크 부담 없이 안정적인 매출 확대를 기대하실 수 있습니다."&CHAR(10)&CHAR(10)&"혹시 위탁 판매 협의가 가능하시다면,"&CHAR(10)&"조건이나 방식에 대해 편하게 말씀 부탁드리겠습니다."&CHAR(10)&CHAR(10)&"감사합니다.") -> 안녕하세요, 사장님. 저희는 서울·수도권 폐쇄몰에서 다양한 제품을 판매하며 월 0만 원 이상의 매출을 꾸준히 기록하고 있는 업체입니다. 최근 고객 데이터를 분석해 본 결과, ○○(제품 카테고리) 관련 수요가 증가하고 있어 이번에 해당 카테고리 상품을 새롭게 확장하고자 합니다. 저희는 위탁 형태로 제품을 공급받아 상품 상세 제작, 온라인 채널 노출, 마케팅 및 고객 응대까지 모두 진행하기 때문에, 사장님께서는 추가 비용이나 리스크 부담 없이 안정적인 매출 확대를 기대하실 수 있습니다. 혹시 위탁 판매 협의가 가능하시다면, 조건이나 방식에 대해 편하게 말씀 부탁드리겠습니다. 감사합니다.
A11: 10 | B11: =IF(입력!C11="","","안녕하세요, "&입력!C11&"."&CHAR(10)&"저희는 "&입력!E11&"에서 다양한 제품을 판매하며"&CHAR(10)&"월 약 "&TEXT(입력!F11,"0")&"만 원 수준의 매출을 내고 있는 업체입니다."&CHAR(10)&CHAR(10)&"이번에 "&입력!D11&" 쪽으로 판매 영역을 확장하려 하는데,"&CHAR(10)&"혹시 위탁 판매 형태로 협업이 가능하실까요?"&CHAR(10)&입력!C11&"께서는 별도 부담 없이 매출 확대 효과를 보실 수 있도록"&CHAR(10)&"저희가 마케팅과 고객 응대를 맡겠습니다."&CHAR(10)&CHAR(10)&"편하게 회신 주시면 감사하겠습니다.") -> 안녕하세요, 사장님. 저희는 서울·수도권 폐쇄몰에서 다양한 제품을 판매하며 월 약 0만 원 수준의 매출을 내고 있는 업체입니다. 이번에 ○○(제품 카테고리) 쪽으로 판매 영역을 확장하려 하는데, 혹시 위탁 판매 형태로 협업이 가능하실까요? 사장님께서는 별도 부담 없이 매출 확대 효과를 보실 수 있도록 저희가 마케팅과 고객 응대를 맡겠습니다. 편하게 회신 주시면 감사하겠습니다. | C11: =IF(입력!C11="","","안녕하세요, "&입력!C11&"."&CHAR(10)&"저희는 "&입력!E11&"에서 다양한 제품을 판매하며"&CHAR(10)&"월 "&TEXT(입력!F11,"0")&"만 원 이상의 매출을 꾸준히 기록하고 있는 업체입니다."&CHAR(10)&CHAR(10)&"최근 고객 데이터를 분석해 본 결과,"&CHAR(10)&입력!D11&" 관련 수요가 증가하고 있어"&CHAR(10)&"이번에 해당 카테고리 상품을 새롭게 확장하고자 합니다."&CHAR(10)&CHAR(10)&"저희는 위탁 형태로 제품을 공급받아"&CHAR(10)&"상품 상세 제작, 온라인 채널 노출, 마케팅 및 고객 응대까지"&CHAR(10)&"모두 진행하기 때문에, "&입력!C11&"께서는"&CHAR(10)&"추가 비용이나 리스크 부담 없이 안정적인 매출 확대를 기대하실 수 있습니다."&CHAR(10)&CHAR(10)&"혹시 위탁 판매 협의가 가능하시다면,"&CHAR(10)&"조건이나 방식에 대해 편하게 말씀 부탁드리겠습니다."&CHAR(10)&CHAR(10)&"감사합니다.") -> 안녕하세요, 사장님. 저희는 서울·수도권 폐쇄몰에서 다양한 제품을 판매하며 월 0만 원 이상의 매출을 꾸준히 기록하고 있는 업체입니다. 최근 고객 데이터를 분석해 본 결과, ○○(제품 카테고리) 관련 수요가 증가하고 있어 이번에 해당 카테고리 상품을 새롭게 확장하고자 합니다. 저희는 위탁 형태로 제품을 공급받아 상품 상세 제작, 온라인 채널 노출, 마케팅 및 고객 응대까지 모두 진행하기 때문에, 사장님께서는 추가 비용이나 리스크 부담 없이 안정적인 매출 확대를 기대하실 수 있습니다. 혹시 위탁 판매 협의가 가능하시다면, 조건이나 방식에 대해 편하게 말씀 부탁드리겠습니다. 감사합니다.
A12: 11 | B12: =IF(입력!C12="","","안녕하세요, "&입력!C12&"."&CHAR(10)&"저희는 "&입력!E12&"에서 다양한 제품을 판매하며"&CHAR(10)&"월 약 "&TEXT(입력!F12,"0")&"만 원 수준의 매출을 내고 있는 업체입니다."&CHAR(10)&CHAR(10)&"이번에 "&입력!D12&" 쪽으로 판매 영역을 확장하려 하는데,"&CHAR(10)&"혹시 위탁 판매 형태로 협업이 가능하실까요?"&CHAR(10)&입력!C12&"께서는 별도 부담 없이 매출 확대 효과를 보실 수 있도록"&CHAR(10)&"저희가 마케팅과 고객 응대를 맡겠습니다."&CHAR(10)&CHAR(10)&"편하게 회신 주시면 감사하겠습니다.") -> 안녕하세요, 사장님. 저희는 서울·수도권 폐쇄몰에서 다양한 제품을 판매하며 월 약 0만 원 수준의 매출을 내고 있는 업체입니다. 이번에 ○○(제품 카테고리) 쪽으로 판매 영역을 확장하려 하는데, 혹시 위탁 판매 형태로 협업이 가능하실까요? 사장님께서는 별도 부담 없이 매출 확대 효과를 보실 수 있도록 저희가 마케팅과 고객 응대를 맡겠습니다. 편하게 회신 주시면 감사하겠습니다. | C12: =IF(입력!C12="","","안녕하세요, "&입력!C12&"."&CHAR(10)&"저희는 "&입력!E12&"에서 다양한 제품을 판매하며"&CHAR(10)&"월 "&TEXT(입력!F12,"0")&"만 원 이상의 매출을 꾸준히 기록하고 있는 업체입니다."&CHAR(10)&CHAR(10)&"최근 고객 데이터를 분석해 본 결과,"&CHAR(10)&입력!D12&" 관련 수요가 증가하고 있어"&CHAR(10)&"이번에 해당 카테고리 상품을 새롭게 확장하고자 합니다."&CHAR(10)&CHAR(10)&"저희는 위탁 형태로 제품을 공급받아"&CHAR(10)&"상품 상세 제작, 온라인 채널 노출, 마케팅 및 고객 응대까지"&CHAR(10)&"모두 진행하기 때문에, "&입력!C12&"께서는"&CHAR(10)&"추가 비용이나 리스크 부담 없이 안정적인 매출 확대를 기대하실 수 있습니다."&CHAR(10)&CHAR(10)&"혹시 위탁 판매 협의가 가능하시다면,"&CHAR(10)&"조건이나 방식에 대해 편하게 말씀 부탁드리겠습니다."&CHAR(10)&CHAR(10)&"감사합니다.") -> 안녕하세요, 사장님. 저희는 서울·수도권 폐쇄몰에서 다양한 제품을 판매하며 월 0만 원 이상의 매출을 꾸준히 기록하고 있는 업체입니다. 최근 고객 데이터를 분석해 본 결과, ○○(제품 카테고리) 관련 수요가 증가하고 있어 이번에 해당 카테고리 상품을 새롭게 확장하고자 합니다. 저희는 위탁 형태로 제품을 공급받아 상품 상세 제작, 온라인 채널 노출, 마케팅 및 고객 응대까지 모두 진행하기 때문에, 사장님께서는 추가 비용이나 리스크 부담 없이 안정적인 매출 확대를 기대하실 수 있습니다. 혹시 위탁 판매 협의가 가능하시다면, 조건이나 방식에 대해 편하게 말씀 부탁드리겠습니다. 감사합니다.
A13: 12 | B13: =IF(입력!C13="","","안녕하세요, "&입력!C13&"."&CHAR(10)&"저희는 "&입력!E13&"에서 다양한 제품을 판매하며"&CHAR(10)&"월 약 "&TEXT(입력!F13,"0")&"만 원 수준의 매출을 내고 있는 업체입니다."&CHAR(10)&CHAR(10)&"이번에 "&입력!D13&" 쪽으로 판매 영역을 확장하려 하는데,"&CHAR(10)&"혹시 위탁 판매 형태로 협업이 가능하실까요?"&CHAR(10)&입력!C13&"께서는 별도 부담 없이 매출 확대 효과를 보실 수 있도록"&CHAR(10)&"저희가 마케팅과 고객 응대를 맡겠습니다."&CHAR(10)&CHAR(10)&"편하게 회신 주시면 감사하겠습니다.") -> 안녕하세요, 사장님. 저희는 서울·수도권 폐쇄몰에서 다양한 제품을 판매하며 월 약 0만 원 수준의 매출을 내고 있는 업체입니다. 이번에 ○○(제품 카테고리) 쪽으로 판매 영역을 확장하려 하는데, 혹시 위탁 판매 형태로 협업이 가능하실까요? 사장님께서는 별도 부담 없이 매출 확대 효과를 보실 수 있도록 저희가 마케팅과 고객 응대를 맡겠습니다. 편하게 회신 주시면 감사하겠습니다. | C13: =IF(입력!C13="","","안녕하세요, "&입력!C13&"."&CHAR(10)&"저희는 "&입력!E13&"에서 다양한 제품을 판매하며"&CHAR(10)&"월 "&TEXT(입력!F13,"0")&"만 원 이상의 매출을 꾸준히 기록하고 있는 업체입니다."&CHAR(10)&CHAR(10)&"최근 고객 데이터를 분석해 본 결과,"&CHAR(10)&입력!D13&" 관련 수요가 증가하고 있어"&CHAR(10)&"이번에 해당 카테고리 상품을 새롭게 확장하고자 합니다."&CHAR(10)&CHAR(10)&"저희는 위탁 형태로 제품을 공급받아"&CHAR(10)&"상품 상세 제작, 온라인 채널 노출, 마케팅 및 고객 응대까지"&CHAR(10)&"모두 진행하기 때문에, "&입력!C13&"께서는"&CHAR(10)&"추가 비용이나 리스크 부담 없이 안정적인 매출 확대를 기대하실 수 있습니다."&CHAR(10)&CHAR(10)&"혹시 위탁 판매 협의가 가능하시다면,"&CHAR(10)&"조건이나 방식에 대해 편하게 말씀 부탁드리겠습니다."&CHAR(10)&CHAR(10)&"감사합니다.") -> 안녕하세요, 사장님. 저희는 서울·수도권 폐쇄몰에서 다양한 제품을 판매하며 월 0만 원 이상의 매출을 꾸준히 기록하고 있는 업체입니다. 최근 고객 데이터를 분석해 본 결과, ○○(제품 카테고리) 관련 수요가 증가하고 있어 이번에 해당 카테고리 상품을 새롭게 확장하고자 합니다. 저희는 위탁 형태로 제품을 공급받아 상품 상세 제작, 온라인 채널 노출, 마케팅 및 고객 응대까지 모두 진행하기 때문에, 사장님께서는 추가 비용이나 리스크 부담 없이 안정적인 매출 확대를 기대하실 수 있습니다. 혹시 위탁 판매 협의가 가능하시다면, 조건이나 방식에 대해 편하게 말씀 부탁드리겠습니다. 감사합니다.
... A101: 100 | B101: =IF(입력!C101="","","안녕하세요, "&입력!C101&"."&CHAR(10)&"저희는 "&입력!E101&"에서 다양한 제품을 판매하며"&CHAR(10)&"월 약 "&TEXT(입력!F101,"0")&"만 원 수준의 매출을 내고 있는 업체입니다."&CHAR(10)&CHAR(10)&"이번에 "&입력!D101&" 쪽으로 판매 영역을 확장하려 하는데,"&CHAR(10)&"혹시 위탁 판매 형태로 협업이 가능하실까요?"&CHAR(10)&입력!C101&"께서는 별도 부담 없이 매출 확대 효과를 보실 수 있도록"&CHAR(10)&"저희가 마케팅과 고객 응대를 맡겠습니다."&CHAR(10)&CHAR(10)&"편하게 회신 주시면 감사하겠습니다.") -> 안녕하세요, 사장님. 저희는 서울·수도권 폐쇄몰에서 다양한 제품을 판매하며 월 약 0만 원 수준의 매출을 내고 있는 업체입니다. 이번에 ○○(제품 카테고리) 쪽으로 판매 영역을 확장하려 하는데, 혹시 위탁 판매 형태로 협업이 가능하실까요? 사장님께서는 별도 부담 없이 매출 확대 효과를 보실 수 있도록 저희가 마케팅과 고객 응대를 맡겠습니다. 편하게 회신 주시면 감사하겠습니다. | C101: =IF(입력!C101="","","안녕하세요, "&입력!C101&"."&CHAR(10)&"저희는 "&입력!E101&"에서 다양한 제품을 판매하며"&CHAR(10)&"월 "&TEXT(입력!F101,"0")&"만 원 이상의 매출을 꾸준히 기록하고 있는 업체입니다."&CHAR(10)&CHAR(10)&"최근 고객 데이터를 분석해 본 결과,"&CHAR(10)&입력!D101&" 관련 수요가 증가하고 있어"&CHAR(10)&"이번에 해당 카테고리 상품을 새롭게 확장하고자 합니다."&CHAR(10)&CHAR(10)&"저희는 위탁 형태로 제품을 공급받아"&CHAR(10)&"상품 상세 제작, 온라인 채널 노출, 마케팅 및 고객 응대까지"&CHAR(10)&"모두 진행하기 때문에, "&입력!C101&"께서는"&CHAR(10)&"추가 비용이나 리스크 부담 없이 안정적인 매출 확대를 기대하실 수 있습니다."&CHAR(10)&CHAR(10)&"혹시 위탁 판매 협의가 가능하시다면,"&CHAR(10)&"조건이나 방식에 대해 편하게 말씀 부탁드리겠습니다."&CHAR(10)&CHAR(10)&"감사합니다.") -> 안녕하세요, 사장님. 저희는 서울·수도권 폐쇄몰에서 다양한 제품을 판매하며 월 0만 원 이상의 매출을 꾸준히 기록하고 있는 업체입니다. 최근 고객 데이터를 분석해 본 결과, ○○(제품 카테고리) 관련 수요가 증가하고 있어 이번에 해당 카테고리 상품을 새롭게 확장하고자 합니다. 저희는 위탁 형태로 제품을 공급받아 상품 상세 제작, 온라인 채널 노출, 마케팅 및 고객 응대까지 모두 진행하기 때문에, 사장님께서는 추가 비용이나 리스크 부담 없이 안정적인 매출 확대를 기대하실 수 있습니다. 혹시 위탁 판매 협의가 가능하시다면, 조건이나 방식에 대해 편하게 말씀 부탁드리겠습니다. 감사합니다.
